{"w": {"w": 0.3333333333333333, "l": 0.3333333333333333, "d": 0.3333333333333333}, "ww": {"w": 0.3333333333333333, "l": 0.3333333333333333, "d": 0.3333333333333333}, "wl": {"w": 0.3333333333333333, "l": 0.3333333333333333, "d": 0.3333333333333333}, "wd": {"w": 0.3333333333333333, "l": 0.3333333333333333, "d": 0.3333333333333333}, "l": {"w": 0.3333333333333333, "l": 0.3333333333333333, "d": 0.3333333333333333}, "lw": {"w": 0.3333333333333333, "l": 0.3333333333333333, "d": 0.3333333333333333}, "ll": {"w": 0.3333333333333333, "l": 0.3333333333333333, "d": 0.3333333333333333}, "ld": {"w": 0.3333333333333333, "l": 0.3333333333333333, "d": 0.3333333333333333}, "d": {"w": 0.3333333333333333, "l": 0.3333333333333333, "d": 0.3333333333333333}, "dw": {"w": 0.3333333333333333, "l": 0.3333333333333333, "d": 0.3333333333333333}, "dl": {"w": 0.3333333333333333, "l": 0.3333333333333333, "d": 0.3333333333333333}, "dd": {"w": 0.3333333333333333, "l": 0.3333333333333333, "d": 0.3333333333333333}}