{"w": {"w": 0.36200378071833644, "l": 0.31899810964083175, "d": 0.31899810964083175}, "ww": {"w": 0.33333333333333337, "l": 0.33333333333333337, "d": 0.33333333333333337}, "wl": {"w": 0.34782608695652173, "l": 0.32608695652173914, "d": 0.32608695652173914}, "wd": {"w": 0.34782608695652173, "l": 0.32608695652173914, "d": 0.32608695652173914}, "l": {"w": 0.2986428735618969, "l": 0.38236229408532146, "d": 0.3189948323527817}, "lw": {"w": 0.32608695652173914, "l": 0.34782608695652173, "d": 0.32608695652173914}, "ll": {"w": 0.31899810964083175, "l": 0.34073724007561434, "d": 0.34026465028355385}, "ld": {"w": 0.32608695652173914, "l": 0.3478260869565218, "d": 0.32608695652173914}, "d": {"w": 0.3402646502835539, "l": 0.3189981096408318, "d": 0.3407372400756144}, "dw": {"w": 0.32608695652173914, "l": 0.32608695652173914, "d": 0.34782608695652173}, "dl": {"w": 0.34782608695652173, "l": 0.32608695652173914, "d": 0.32608695652173914}, "dd": {"w": 0.33333333333333337, "l": 0.33333333333333337, "d": 0.33333333333333337}}