{"": {"r": 0.28748, "p": 0.36601, "s": 0.34651}, "r": {"r": 0.29215, "p": 0.37452, "s": 0.33333}, "rr": {"r": 0.319, "p": 0.34026, "s": 0.34073}, "rp": {"r": 0.33334, "p": 0.33333, "s": 0.33333}, "rs": {"r": 0.33334, "p": 0.33286, "s": 0.3338}, "p": {"r": 0.33334, "p": 0.33333, "s": 0.33333}, "pr": {"r": 0.33334, "p": 0.33333, "s": 0.33333}, "pp": {"r": 0.33334, "p": 0.33333, "s": 0.33333}, "ps": {"r": 0.33334, "p": 0.33333, "s": 0.33333}, "s": {"r": 0.33334, "p": 0.33286, "s": 0.3338}, "sr": {"r": 0.31207, "p": 0.35507, "s": 0.33286}, "sp": {"r": 0.33334, "p": 0.33333, "s": 0.33333}, "ss": {"r": 0.33334, "p": 0.33333, "s": 0.33333}}