{"w": {"w": 0.3333664767602402, "l": 0.33422140236463194, "d": 0.3324121208751278}, "ww": {"w": 0.32701851229805495, "l": 0.3473501470477878, "d": 0.32563134065415716}, "wl": {"w": 0.32608695652173914, "l": 0.32608695652173914, "d": 0.34782608695652173}, "wd": {"w": 0.3333333333333333, "l": 0.3333333333333333, "d": 0.3333333333333333}, "l": {"w": 0.30527938186327236, "l": 0.3482850529407771, "d": 0.34643556519595053}, "lw": {"w": 0.3333333333333333, "l": 0.3333333333333333, "d": 0.3333333333333333}, "ll": {"w": 0.3189981096408318, "l": 0.3407372400756144, "d": 0.3402646502835539}, "ld": {"w": 0.31899810964083175, "l": 0.34073724007561434, "d": 0.34026465028355385}, "d": {"w": 0.3620037807183365, "l": 0.3189981096408318, "d": 0.3189981096408318}, "dw": {"w": 0.3620037807183365, "l": 0.3189981096408318, "d": 0.3189981096408318}, "dl": {"w": 0.3333333333333333, "l": 0.3333333333333333, "d": 0.3333333333333333}, "dd": {"w": 0.3333333333333333, "l": 0.3333333333333333, "d": 0.3333333333333333}}