{"": {"r": 0.32437, "p": 0.32964, "s": 0.34599}, "r": {"r": 0.33334, "p": 0.3338, "s": 0.33286}, "rr": {"r": 0.33334, "p": 0.33333, "s": 0.33333}, "rp": {"r": 0.33334, "p": 0.33333, "s": 0.33333}, "rs": {"r": 0.34028, "p": 0.34073, "s": 0.31899}, "p": {"r": 0.32435, "p": 0.30705, "s": 0.3686}, "pr": {"r": 0.34028, "p": 0.34073, "s": 0.31899}, "pp": {"r": 0.31857, "p": 0.32037, "s": 0.36107}, "ps": {"r": 0.33334, "p": 0.33333, "s": 0.33333}, "s": {"r": 0.34028, "p": 0.34073, "s": 0.31899}, "sr": {"r": 0.33334, "p": 0.33333, "s": 0.33333}, "sp": {"r": 0.34028, "p": 0.31899, "s": 0.34073}, "ss": {"r": 0.33334, "p": 0.33333, "s": 0.33333}}