{"w": {"w": 0.3776849329627055, "l": 0.2667832554058812, "d": 0.3555318116314133}, "ww": {"w": 0.3185523984660232, "l": 0.2986428735618969, "d": 0.38280472797207993}, "wl": {"w": 0.36770210583867263, "l": 0.30527938186327247, "d": 0.32701851229805495}, "wd": {"w": 0.35460672310347663, "l": 0.31206336812690066, "d": 0.33332990876962276}, "l": {"w": 0.3460137221095037, "l": 0.2522729196158088, "d": 0.4017133582746875}, "lw": {"w": 0.33380249856168326, "l": 0.31206336812690066, "d": 0.35413413331141613}, "ll": {"w": 0.30706607701457517, "l": 0.32834289134842926, "d": 0.36459103163699563}, "ld": {"w": 0.3278703015563686, "l": 0.3057090612759795, "d": 0.3664206371676519}, "d": {"w": 0.3503287312309033, "l": 0.2870001433767937, "d": 0.36267112539230306}, "dw": {"w": 0.40271425287620627, "l": 0.29864287356189684, "d": 0.29864287356189684}, "dl": {"w": 0.31341717782283873, "l": 0.2921506371801165, "d": 0.3944321849970448}, "dd": {"w": 0.32259217404996987, "l": 0.3406522112092696, "d": 0.3367556147407606}}