{"w": {"w": 0.27791648888037124, "l": 0.3832326308830619, "d": 0.33885088023656695}, "ww": {"w": 0.31720716711971486, "l": 0.34919222313761944, "d": 0.3336006097426657}, "wl": {"w": 0.31200704962594905, "l": 0.3601255423921162, "d": 0.32786740798193476}, "wd": {"w": 0.31720716711971486, "l": 0.3336006097426657, "d": 0.34919222313761944}, "l": {"w": 0.3350916156367949, "l": 0.2918607613571188, "d": 0.3730476230060863}, "lw": {"w": 0.32760740210724654, "l": 0.31200704962594905, "d": 0.36038554826680447}, "ll": {"w": 0.32813174728786787, "l": 0.3284004922488999, "d": 0.34346776046323224}, "ld": {"w": 0.3341149615952807, "l": 0.3179858582782629, "d": 0.3478991801264563}, "d": {"w": 0.2795643644316181, "l": 0.3400610382911941, "d": 0.38037459727718775}, "dw": {"w": 0.31720716711971486, "l": 0.3655856657605703, "d": 0.31720716711971486}, "dl": {"w": 0.3018611606163441, "l": 0.3338549557205924, "d": 0.36428388366306347}, "dd": {"w": 0.3227525383159356, "l": 0.3068921799599499, "d": 0.3703552817241145}}