{"w": {"w": 0.279586502972465, "l": 0.279586502972465, "d": 0.4408269940550699}, "ww": {"w": 0.3189981096408318, "l": 0.3189981096408318, "d": 0.3620037807183365}, "wl": {"w": 0.32608695652173914, "l": 0.32608695652173914, "d": 0.34782608695652173}, "wd": {"w": 0.30527938186327236, "l": 0.30527938186327236, "d": 0.3894412362734552}, "l": {"w": 0.30485283879664327, "l": 0.34645231106404273, "d": 0.348694850139314}, "lw": {"w": 0.31899810964083175, "l": 0.34026465028355385, "d": 0.34073724007561434}, "ll": {"w": 0.31899810964083175, "l": 0.31899810964083175, "d": 0.36200378071833644}, "ld": {"w": 0.332867592668694, "l": 0.35506903920440536, "d": 0.31206336812690066}, "d": {"w": 0.38814407489164, "l": 0.32605932495266926, "d": 0.2857966001556908}, "dw": {"w": 0.36863701173166186, "l": 0.3260836064050658, "d": 0.30527938186327236}, "dl": {"w": 0.3120633681269006, "l": 0.35506903920440536, "d": 0.3328675926686939}, "dd": {"w": 0.3758732637461987, "l": 0.31206336812690066, "d": 0.31206336812690066}}