{"w": {"w": 0.3113305016129401, "l": 0.3963712394695187, "d": 0.2922982589175412}, "ww": {"w": 0.32915933229102673, "l": 0.36386626471523725, "d": 0.30697440299373613}, "wl": {"w": 0.29692541406033623, "l": 0.38889660606499626, "d": 0.31417797987466756}, "wd": {"w": 0.30049111442483084, "l": 0.2927178214116516, "d": 0.4067910641635176}, "l": {"w": 0.20496335811201097, "l": 0.4059766806817294, "d": 0.3890599612062598}, "lw": {"w": 0.26627386282595106, "l": 0.3900400336853707, "d": 0.34368610348867823}, "ll": {"w": 0.28064233043513287, "l": 0.3832719410640277, "d": 0.33608572850083945}, "ld": {"w": 0.3306853284383112, "l": 0.34607858684169784, "d": 0.323236084719991}, "d": {"w": 0.34913409492195613, "l": 0.30739444904325725, "d": 0.3434714560347865}, "dw": {"w": 0.365137838949152, "l": 0.332184196904789, "d": 0.302677964146059}, "dl": {"w": 0.28744936252236003, "l": 0.3252600022092103, "d": 0.38729063526842966}, "dd": {"w": 0.3222692429107128, "l": 0.3277437783551768, "d": 0.34998697873411055}}