{"w": {"w": 0.17882368557704378, "l": 0.40568398220129487, "d": 0.41549233222166143}, "ww": {"w": 0.21476939174265164, "l": 0.5704612165146968, "d": 0.21476939174265164}, "wl": {"w": 0.3373994452932558, "l": 0.3344472977437815, "d": 0.3281532569629627}, "wd": {"w": 0.23006325073828954, "l": 0.21476939174265156, "d": 0.5551673575190589}, "l": {"w": 0.4307405435053466, "l": 0.4308817816061277, "d": 0.1383776748885257}, "lw": {"w": 0.38568079363458807, "l": 0.38892485544761457, "d": 0.22539435091779736}, "ll": {"w": 0.46487460442415723, "l": 0.26756269778792136, "d": 0.26756269778792136}, "ld": {"w": 0.3333333333333333, "l": 0.3333333333333333, "d": 0.3333333333333333}, "d": {"w": 0.437237496141276, "l": 0.13837767488852568, "d": 0.4243848289701983}, "dw": {"w": 0.37927579581859705, "l": 0.21476939174265156, "d": 0.40595481243875137}, "dl": {"w": 0.3333333333333333, "l": 0.3333333333333333, "d": 0.3333333333333333}, "dd": {"w": 0.39456965481423495, "l": 0.21476939174265147, "d": 0.3906609534431136}}