{"": {"r": 0.36864, "p": 0.33255, "s": 0.29881}, "r": {"r": 0.31857, "p": 0.3828, "s": 0.29863}, "rr": {"r": 0.319, "p": 0.362, "s": 0.31899}, "rp": {"r": 0.34074, "p": 0.31899, "s": 0.34026}, "rs": {"r": 0.32609, "p": 0.34782, "s": 0.32608}, "p": {"r": 0.36599, "p": 0.2858, "s": 0.34821}, "pr": {"r": 0.34028, "p": 0.34073, "s": 0.31899}, "pp": {"r": 0.34783, "p": 0.32608, "s": 0.32608}, "ps": {"r": 0.34784, "p": 0.32654, "s": 0.32562}, "s": {"r": 0.33559, "p": 0.33457, "s": 0.32985}, "sr": {"r": 0.32609, "p": 0.34782, "s": 0.32608}, "sp": {"r": 0.35415, "p": 0.31206, "s": 0.3338}, "ss": {"r": 0.33381, "p": 0.33333, "s": 0.33286}}