{"w": {"w": 0.31250259597100133, "l": 0.3333664767602402, "d": 0.35413092726875844}, "ww": {"w": 0.32608695652173914, "l": 0.3478260869565218, "d": 0.32608695652173914}, "wl": {"w": 0.33380249856168326, "l": 0.33286759266869403, "d": 0.33332990876962276}, "wd": {"w": 0.3189981096408318, "l": 0.3189981096408318, "d": 0.3620037807183365}, "l": {"w": 0.30525510041087583, "l": 0.32704886631269176, "d": 0.3676960332764324}, "lw": {"w": 0.3189981096408318, "l": 0.3189981096408318, "d": 0.3620037807183365}, "ll": {"w": 0.31899483235278175, "l": 0.34118622853847286, "d": 0.33981893910874533}, "ld": {"w": 0.32608695652173914, "l": 0.32608695652173914, "d": 0.34782608695652173}, "d": {"w": 0.319909414204619, "l": 0.32038200399667954, "d": 0.3597085817987015}, "dw": {"w": 0.34026465028355385, "l": 0.34073724007561434, "d": 0.31899810964083175}, "dl": {"w": 0.32608695652173914, "l": 0.32608695652173914, "d": 0.34782608695652173}, "dd": {"w": 0.31899810964083175, "l": 0.31899810964083175, "d": 0.36200378071833644}}